Market Income,Total change in net income,Household weight
-168767.98,3589.7344,25553.178
101131.24,3663.0938,6648.2573
24147.342,0.0,186.41872
102979.234,3199.4062,2966.4446
55538.39,1164.6562,15823.143
86027.88,2526.8672,879.56445
68949.79,2831.1875,1867.7639
7781.101,0.0,1485.3668
72924.48,0.0,4961.7476
74782.03,3160.918,9981.292
171458.11,3017.8281,14589.576
21998.285,0.0,459.41354
101058.06,3327.4453,13.924934
8532.022,0.0,2819.204
124312.92,4075.5938,3756.878
24838.016,769.3828,6314.8438
98669.74,2972.9062,437.77286
38645.492,0.0,1459.4968
178156.33,5151.828,4005.424
71329.66,2674.6094,6209.8423
72568.97,2512.3828,6743.1445
92494.77,3735.0703,24525.459
282918.78,6582.922,778.683
263227.06,7744.547,681.9811
48134.895,377.76562,1265.9171
148669.42,5352.0625,12830.528
131487.94,5653.4297,9588.969
5782.674,75.0,27301.871
128172.08,4716.836,8002.5522
41290.426,0.0,14865.146
77547.875,490.64062,1863.7533
0.0,0.0,8186.6177
29881.5,0.0,1225.2219
238499.8,6727.3125,1022.47754
46821.746,0.0,1090.4794
402775.4,9139.219,544.6875
126403.52,2608.8828,3388.2126
110501.13,3284.5312,3079.5852
26620.916,88.11719,2816.631
14323.871,700.0,4276.767
328494.72,8227.875,536.4626
254948.38,7297.25,1244.1378
491915.94,36705.938,12772.66
40827.67,2169.914,1388.2201
194773.56,6256.25,13117.908
27578.951,861.0039,8403.175
94442.34,3358.8594,12110.639
29883.213,864.5625,1263.8514
104423.41,3509.039,2636.3416
69031.61,2460.1055,2912.812
66610.15,2397.2344,13447.215
119550.91,3854.1406,3301.418
111697.16,3275.1562,7894.368
97676.66,4234.5312,12941.041
38928.29,0.0,3368.8032
69540.83,2379.4062,14933.208
54155.867,2608.8555,4379.963
264227.7,12223.125,526.60394
106297.375,1628.6484,18406.178
321808.16,6003.7344,757.65045
18621.807,801.8418,15824.214
261047.62,10859.969,3083.4998
80190.414,5552.508,6264.2256
92307.19,939.0781,1247.0215
1443.9475,0.0,6408.089
105088.02,4279.2266,3115.6072
155007.66,4334.2656,6882.616
93785.77,2884.8047,1011.7818
0.0,0.0,586.1726
275580.72,7788.578,940.3699
103200.836,1205.1562,1713.2628
14954.9,0.0,4101.6187
417098.56,19808.0,1571.9617
24134.27,-6063.6367,3797.2788
43373.074,0.0,3948.677
26167.86,1045.8477,1203.1128
0.0,0.0,458.8439
277583.66,7147.0,1026.1838
45964.918,1451.3633,9393.633
136508.0,3041.9531,348.60114
257525.1,7170.5938,869.7485
117732.51,6131.078,290.89673
40271.75,1167.4336,11008.831
311581.1,25626.781,4332.9946
161821.9,7602.1094,3945.5715
28758.145,1529.7148,800.8912
431035.6,14826.656,1289.1743
115143.31,3397.7656,15368.629
84143.72,-12.3046875,8129.814
2528188.5,14558.0,4313.806
41899.39,1386.3945,73573.11
319197.6,8993.828,1052.607
12479.757,0.0,8506.187
72621.48,1434.7734,3870.5305
59958.953,1643.0039,348.28912
35282.773,0.0,777.2463
94288.64,3236.836,4534.163
5826.1157,0.0,9354.593
201512.19,6058.6094,1203.414
28546.955,869.83984,1590.1283
123489.93,4374.2266,468.85794
81596.05,5015.0938,1161.1315
189605.28,926.0156,4649.5825
494124.03,14925.0,829.4213
161478.86,5220.0938,1172.0092
190375.6,6233.125,1756.1403
133902.31,3394.6562,1034.0261
61371.336,0.0,23288.322
1167315.6,12875.375,7941.821
167493.33,3775.3281,696.2468
70338.98,-591.4922,11692.048
44095.066,0.0,3964.9258
27220.156,0.0,6504.037
495962.16,21466.688,677.74976
103421.06,4875.9375,26087.229
79040.67,2742.8281,2978.5293
45972.137,926.09375,10914.226
329733.84,7533.5625,527.2982
816166.0,40085.688,920.76
27220.156,0.0,1738.3269
83472.25,1754.4609,19913.422
67266.11,1366.6992,14106.032
330190.25,3829.7812,15656.988
425200.38,18005.938,883.3464
224129.52,5539.75,21371.094
505980.25,21938.562,810.2935
194660.23,3715.2188,813.067
127264.9,3006.0547,2018.075
216577.39,4120.547,368.13193
94286.68,2226.0,4270.2627
201823.31,6995.578,1054.8184
15764.818,-8789.219,3261.1355
1207789.8,41270.875,295.91843
373026.4,15522.469,1517.154
95377.21,2722.414,16557.496
231629.53,6097.375,1206.8365
400816.84,16271.5,3930.0955
37612.31,0.0,7907.9995
35524.406,0.0,14128.921
16313.125,0.0,4016.23
442758.94,12808.875,1081.4274
192542.06,4936.047,31576.842
242705.62,8498.0625,4836.6313
445979.94,11329.344,1491.3353
155131.61,5784.039,566.7558
61720.695,270.0,17813.475
180412.31,4416.3906,3521.6821
2159.0242,0.0,305.6858
100350.85,-2498.75,2839.5925
30020.506,1584.0781,1342.2051
367521.38,9902.781,728.94507
139046.28,5175.8438,9643.572
561487.6,28058.156,4897.8745
120657.914,2196.0938,1701.1318
14331.166,0.0,10224.19
21094.346,0.0,300.85162
296209.4,1606.7188,5745.4336
184584.58,4879.75,618.3665
705751.56,28255.625,1011.218
7037.234,0.0,627.9921
114914.695,2717.5469,6467.0566
69272.1,1222.7617,347.10803
336876.22,7006.375,929.4034
276742.3,5440.8438,874.4442
77056.83,1012.6719,15077.525
133305.4,4184.1406,4423.059
205790.62,13622.594,7744.3135
62991.73,1019.78125,3737.8477
138015.1,5727.9062,4800.764
31032.336,270.0,11537.376
254767.25,-4236.328,5019.909
1184379.6,13861.5,643.02313
124105.27,4633.9453,2046.6925
38198.566,870.0,21193.928
0.0,0.0,10370.363
44178.07,691.3008,23407.758
311153.06,9481.031,842.7813
133688.12,2217.1484,1743.7997
27101.432,0.0,309.20367
168688.25,3412.2031,1400.5819
415469.56,22711.125,945.5923
12640.353,0.0,18539.377
270735.3,9606.469,100.08975
80035.17,1282.8203,1512.3802
108169.95,3651.5938,23055.494
31781.367,0.0,278.83557
13450.775,0.0,7471.0737
352345.4,6502.4375,1690.1019
374934.16,5704.4688,958.0139
291260.56,10075.547,1205.036
154693.14,6218.0156,5532.437
171776.28,4351.297,5570.5776
316028.06,4293.2344,973.7047
197756.14,6886.8438,7326.388
77017.125,1640.4844,3164.553
12208.949,0.0,493.597
23837.596,818.18164,659.53436
152191.11,4877.203,13221.248
298020.47,5170.953,838.05817
15341.026,0.0,3404.5374
56307.023,461.1172,374.04578
294969.88,7017.1562,6491.5938
199994.08,3569.8438,668.77856
89625.62,94.125,11498.371
443353.2,33291.188,4531.893
102476.5,2574.586,725.2367
222171.6,8294.875,814.3669
164857.1,4194.578,377.1298
74549.45,889.96094,19975.79
13294.948,0.0,2302.7244
29628.146,0.0,243.52335
256966.23,668.7969,407.12714
54288.97,0.0,3716.9778
25367.477,412.8203,721.4832
401905.22,8573.719,737.54114
52020.375,1173.3164,646.31537
56499.105,766.1328,2204.9307
350551.28,11620.234,548.64026
1493123.2,62794.312,2565.083
309551.2,3673.0312,649.8497
3126.1177,0.0,19210.512
47707.43,0.0,4594.7603
63201.76,1122.9844,5400.311
48631.055,0.0,3114.083
276446.7,4041.4688,9990.034
145010.97,5529.578,48.81555
250606.52,3055.5938,15.894838
377821.72,9069.281,174.09224
24403.873,0.0,241.31287
63817.53,816.78906,177.24475
33001.71,0.0,6254.436
141450.47,3549.7969,21788.465
77354.63,2164.2266,1245.6266
73233.445,1302.125,653.4726
78876.21,1191.3047,12317.753
203394.77,7050.953,586.89185
34473.69,581.21094,465.48978
2895662.2,136238.75,352.32642
188372.11,6011.8125,9859.467
88625.59,4485.8125,600.32306
50978.273,0.0,488.84924
267082.5,2851.0781,911.03357
177199.53,2554.8906,600.05054
223131.61,6741.6562,1384.0032
126865.586,4646.8047,7687.345
22850.242,0.0,1087.1399
40225.32,2514.836,649.0005
85047.13,2884.7422,598.0177
13234.288,7589.7344,469.14868
94107.31,2111.1172,2558.8767
190399.39,5754.1875,2206.743
99974.91,2093.2422,509.0378
484634.34,13320.969,2067.2776
76166.33,1610.7773,14998.934
49412.285,1000.9453,38.283195
76217.516,0.0,632.5301
39182.766,563.72266,5328.9272
44322.484,333.1211,5684.528
377786.66,7656.1875,785.5099
155973.89,-3813.2969,374.56607
96587.695,2733.1016,985.58514
120430.0,2358.7969,2866.1465
96492.85,1422.0625,285.34293
148621.33,3583.4375,391.5257
118480.68,3625.7969,26062.512
120759.55,3293.1406,3793.2034
328870.66,22141.14,3123.482
86184.23,1814.7812,289.62527
10253.964,0.0,48.23327
148950.34,5039.6875,4965.6953
43808.547,0.0,131.99501
447883.28,10815.031,305.87506
92265.14,3284.8828,6952.2007
203773.92,1257.9219,343.76605
88697.97,3179.4531,582.8388
32050.535,287.5547,179.33293
12248.993,0.0,5334.6733
233517.72,663.46875,821.263
174146.03,0.0,631.0849
171459.77,6970.0,115740.91
70163.24,2226.4062,783.7189
32291.951,0.0,1535.3934
54774.637,1180.7539,193349.89
184001.19,10204.0625,19.316322
77112.77,927.375,110.2645
258552.66,3813.5938,11.6687155
43759.703,-1332.1172,325.60776
66833.53,1874.3594,4800.293
151236.97,6327.211,1286.4742
312592.25,1996.875,221.22157
211251.61,6844.875,1.059024
150538.72,-1472.9297,1462.468
127439.53,1703.5,2000.4635
16829.922,0.0,46.131115
175818.11,2772.2031,15108.934
74109.21,225.75,78.93474
126403.53,2354.8438,5491.3154
63345.74,-4.625,9889.846
89075.14,-1239.0469,5147.5166
0.0,0.0,6205.634
0.0,0.0,783.3666
182397.75,6192.0156,18370.07
287498.6,8339.766,869.82184
208846.19,7008.828,232.78073
321328.72,10852.156,2632.3508
491030.44,22408.625,56119.207
219764.86,6492.7344,736.1979
282912.53,7072.828,300.91763
1.2032895,0.0,1829.9175
115483.86,4362.539,27929.893
90869.94,242.20312,65037.863
152978.14,1005.40625,116330.945
31026.32,1641.9844,725.53485
31567.31,270.00195,2455.3472
158710.95,4381.4375,39.88719
37773.33,0.0,2230.5715
231486.02,4449.2812,648.037
98824.58,2035.0547,2609.8464
71841.84,1221.6953,8368.85
34246.543,-121.51953,16073.317
905904.25,15208.375,8484.676
164850.3,3287.125,8322.488
187956.83,4997.078,2.252267
264564.97,3064.5625,571.853
48012.73,1307.9023,98575.73
451333.56,19964.125,335.54007
99523.42,1011.3047,435.53418
16183.655,0.0,1346.1919
868253.06,25723.062,682.6057
537312.06,818.78125,1724.897
106093.555,2338.7266,0.5348576
877251.4,-3562.1875,10780.231
88516.94,1997.6875,70219.29
67687.55,1877.7656,887.68713
10457.019,0.0,24548.812
322248.38,4432.8594,334.66968
56123.836,0.0,121.4315
25027.898,1372.9297,147972.9
99915.08,3021.625,405.20877
0.0,0.0,93396.305
420963.94,15650.406,628.54517
80685.83,228.59375,836.2519
243256.02,6876.8438,1228.769
273070.94,7693.9844,389.666
117225.48,2831.3672,55.466522
468080.06,20059.938,1432.4618
16779.746,0.0,303.6702
136815.69,4661.453,129.34686
192184.39,6096.125,352.5992
284746.8,5447.1094,6136.0405
230273.72,6013.4062,1364.7174
356280.7,6083.25,14.965909
117055.29,2534.1562,6899.539
11493.53,0.0,294.57764
170136.1,2959.7969,170.13458
207218.77,2360.6406,26.27744
338003.3,9890.516,6.347578
103762.93,2674.9766,174.73158
462895.75,15956.469,281.14862
404863.28,29998.562,5838.522
127041.266,2940.0469,112459.94
10425.353,0.0,1990.6282
238888.9,7241.0312,186.44946
171419.81,6795.1406,2029.9286
142305.75,1387.2656,649.2473
1439751.9,28886.312,53342.586
57459.758,-1779.2617,1223.344
35521.906,612.66016,5180.8394
32175.443,120.95703,156342.58
214606.48,3748.6094,1777.5173
259241.03,4263.25,274.83456
341686.47,6219.0,312.10864
106868.43,485.8828,28881.246
77965.91,1752.4766,745.0933
290710.66,5319.797,1130.5055
20284.924,0.0,931.1047
253146.62,4086.1875,558.7193
85907.61,2005.2344,334.6574
57099.336,0.0,1167.4271
331700.25,12717.719,543.4478
121801.03,1181.0938,7.9841485
231449.58,1346.75,570.21844
82101.555,2292.5547,622.855
947488.44,24593.5,350.81427
275958.1,4267.3906,671.0094
518159.66,34432.062,31.282646
482120.62,16218.031,312.92807
234500.16,-4291.0312,218.98717
165720.53,1120.0938,110.58561
0.0,0.0,2629.5496
15536.309,0.0,287.2192
56066.62,1728.8594,3366.9436
351590.53,10938.875,0.06087322
138909.23,3663.8984,2935.25
448010.84,20586.0,35618.477
85001.84,-568.1719,57717.312
114912.3,6235.2188,814.77783
131728.7,-1987.0938,35089.01
0.0,0.0,34477.207
77726.04,1006.7344,3457.966
16737.758,0.0,391.15414
81202.805,1842.6172,842.0856
122471.266,3569.9844,477.00006
154874.53,3282.6562,447.94495
163960.08,2297.5156,78344.914
122583.266,1679.7188,325.8373
196993.42,7861.5,236.34471
129040.79,4299.3906,742.34985
110393.02,3563.2656,367.62006
37921.06,-459.20703,6043.841
186087.8,2564.7969,123.28182
107498.805,2055.1562,43652.156
555298.06,20170.188,299.14618
97704.33,1964.8125,23209.324
300662.22,1050.3906,438.4269
22994.006,75.0,5741.161
43670.28,543.3672,674.62506
58361.023,1377.625,25.57054
39166.594,597.4375,1356.1648
37253.25,675.0,597.4927
210356.97,11248.656,46446.832
98587.16,2408.9844,11858.899
0.0,0.0,12583.924
107501.805,-1744.9375,2497.411
162353.58,3487.0469,185.57922
175814.75,4102.289,212.87242
94835.14,2017.3359,6264.877
348375.25,4097.0938,579.6951
129017.08,3164.5938,267.62442
136523.36,3139.961,26.840525
121395.31,3368.9297,110.17888
47401.477,1000.58594,833.9176
138100.38,3041.875,8915.716
206879.12,3405.5781,63906.56
151084.05,2819.0938,3260.669
15768.274,0.0,1909.2333
238717.36,4629.2188,327.9166
416258.2,6713.125,292.75186
113822.37,2683.5078,2943.7412
307823.12,3070.5625,673.44653
169912.75,4055.6094,1450.6858
292004.56,1125.8438,250.21895
340750.97,8352.719,249.75644
122032.54,642.6406,6099.178
186299.5,4218.6094,7.389873
184181.42,2098.0938,233.36949
62153.812,677.4453,570.1043
156855.28,2981.2578,1870.8668
121201.8,4865.797,1973.0002
51756.42,752.1406,61811.13
104701.37,651.8906,304.5947
77272.45,699.64844,403.226
550056.25,11953.4375,133.85114
31093.072,0.0,13905.177
8042.571,0.0,661.0929
308112.56,6237.1406,349.33563
39938.918,913.8906,1130.5983
0.0,0.0,163.99217
150260.88,1110.8125,157.89174
52860.86,383.8125,2255.4148
53756.438,0.0,2137.9158
15607.685,0.0,534.4532
164965.95,1564.7969,130.33836
109767.945,2927.1562,4937.6543
137702.25,1201.1641,743.7062
368308.84,23181.5,1822.3766
42724.848,0.0,1636.0349
97235.086,2804.5234,687.1726
0.0,0.0,1759.2136
41493.426,0.0,402.04202
87656.21,2404.164,2265.5027
118383.72,3202.4688,26.01476
108118.586,2523.289,8608.68
42518.754,1719.6953,6622.679
302817.3,8892.1875,1406.4291
59627.43,627.72656,81040.02
95660.99,658.03125,7941.4644
22250.428,-20507.61,14458.972
70047.484,2101.6562,1120.2966
39186.664,0.0,2939.7883
18228.191,0.0,84383.94
119902.02,2567.1406,2.014831
245204.8,4541.9062,1462.876
121829.266,1330.7031,60.93717
240164.61,7136.0,75386.055
173521.19,3659.2656,4.6613016
103902.82,2486.1406,2052.5515
39071.383,719.1328,948.1177
95976.15,3560.336,1045.2122
74692.984,1815.0312,22118.84
17272.4,0.0,4955.9824
200399.89,2887.6719,340.3285
22889.426,75.0,35332.09
43239.523,694.52344,467.99997
69108.6,1722.3086,204.38641
68667.336,0.0,766.3964
5345.4194,0.0,2267.0188
53213.676,870.0,521.9571
82339.02,947.16406,618.357
286763.34,5496.797,271.56168
94613.15,1463.6328,890.41064
234674.53,4144.0156,0.16325714
28728.074,1460.625,18116.857
0.0,0.0,937.97394
41368.426,1721.3555,8193.983
11654.639,0.0,1045.9207
67840.375,2059.0312,1955.9265
32417.152,700.0,738.386
264211.84,-344.14062,15.211961
240338.4,20225.938,6843.6396
138267.61,1543.7188,294.0366
282221.72,2571.0,158456.52
74699.0,2257.289,1617.8176
130413.14,2975.375,2143.6895
54763.33,0.0,11768.465
47824.38,75.0,1279.7477
28041.045,0.0,7.740994
101132.45,-1162.6797,34887.336
14751.645,0.0,979.04535
288638.78,4513.8438,360.5024
8608.626,0.0,449.0057
111781.01,1592.1094,300.5776
1566.683,0.0,3482.6787
20504.11,0.0,78122.36
46113.56,850.9375,3009.0027
76663.87,1407.4531,329.54932
45150.145,0.0,220.22868
88808.04,1108.375,72.844215
120309.96,2332.9219,2099.2717
172098.92,1196.6641,138.20242
90997.6,-1986.0547,486.16873
56240.863,2138.1914,9.187155
115520.875,308.3203,22534.111
302203.12,6206.1875,746.6255
421334.4,21523.094,550.56494
30297.006,-6622.6875,23368.258
80442.22,792.9414,206.95517
53790.984,1128.5664,55.98637
95213.305,-861.0625,12.405992
173318.1,8221.57,10.46233
182806.88,1135.4688,58.315666
309114.06,9218.531,941.0248
435681.97,13297.9375,340.32532
703635.8,23342.5,736.4584
106078.53,2721.7969,911.76715
0.0,0.0,7173.9785
173832.78,3532.7969,10043.3955
305280.03,3678.5156,356.51233
299102.56,5670.625,262.0267
261426.67,5915.4062,549.6594
218582.62,4920.9375,551.10077
62052.64,-1411.2812,1350.5015
118356.98,853.3281,981.8429
117196.43,3534.4375,1401.8875
98329.8,1885.4375,28342.547
254708.25,8296.828,1507.3097
177314.7,6024.047,5264.865
14839.87,0.0,10216.686
77424.65,0.0,9063.108
79076.46,0.0,3011.6238
75872.42,361.27344,10736.381
209298.58,10347.422,343.01843
2.406579,0.0,3081.2126
168209.56,9735.172,30.27108
186464.47,7765.625,111.83197
135811.97,2197.4219,17.903425
113336.02,2438.7422,8231.641
179353.44,5586.6875,25845.664
519756.4,20005.688,940.07166
259475.75,9260.5,785.6436
46696.707,0.0,2198.017
98975.0,2641.1953,494.06662
124458.24,3048.586,4114.5825
16117.842,-288.6328,9035.689
289267.9,4407.578,564.63824
213023.97,4557.172,16411.545
96241.09,2256.2578,128.8977
155165.3,1473.4688,367.33286
76071.94,2052.5703,1976.9272
46634.82,0.0,5483.8423
43840.445,0.0,1975.3047
28675.527,0.0,27084.447
161387.72,3390.625,87.31994
25.26908,0.0,1796.2847
1.1909536,0.0,3163.7502
29877.197,1034.1953,3412.7356
98587.16,3470.5703,2000.6819
138953.14,4833.2188,1528.9241
100503.08,1063.6641,1032.2675
366814.22,12804.547,5551.146
90131.73,4723.914,9820.588
36251.387,0.0,8613.706
245956.88,6047.75,7163.754
19996.738,0.0,347.88577
47803.516,1210.0,2108.9688
66785.16,1605.4453,1912.1779
104239.89,2034.8672,20858.383
126153.945,3387.9297,1405.1267
125833.055,2544.2188,1278.2286
260401.02,2629.1406,14959.792
99309.92,4566.6797,827.8645
330931.1,4942.0625,240.28877
115564.7,2711.8125,6.741611
110896.14,2351.0781,1600.5966
450114.1,18338.0,2060.0576
138707.25,3376.2344,185.3661
52902.094,0.0,2280.6086
80543.15,2125.254,17328.574
0.0,-6081.8125,2329.5964
1229647.2,76570.0,5878.497
42867.707,1173.5898,38379.77
15536.309,0.0,84.327095
45775.535,0.0,1667.9816
230173.28,842.4531,226.08298
157896.8,8460.8125,239.03078
139399.78,2470.0156,2060.7983
55219.27,2598.6406,3915.5164
293885.97,10527.703,1860.8168
121303.64,2800.5469,139.89452
8608.626,0.0,7496.382
180415.9,7465.953,16642.064
58501.42,0.0,7164.0264
69030.59,600.125,2533.588
91122.99,1719.9766,11856.74
172391.9,4370.3438,1235.466
86424.88,-2278.5,2082.5784
144023.61,3416.9531,10785.98
506510.03,19781.312,1460.4629
471140.4,20927.781,37182.844
60307.46,0.0,13946.1875
18.049343,0.0,18353.61
49867.188,953.5781,55636.09
69427.28,1623.9102,783.3524
74639.7,0.0,1303.8347
83185.72,2737.6328,397.5715
48819.234,549.1719,6129.564
54949.75,881.4453,1003.3065
85534.19,1172.9297,26461.83
85027.68,0.0,64391.016
398801.28,1724.125,341.42816
164366.56,5295.453,421.75208
23205.287,0.0,5418.956
138965.33,2112.7969,176.89679
209078.31,4133.828,652.349
33940.793,0.0,8744.33
170908.17,4222.867,550.35443
133963.7,4269.9766,175.9493
159384.0,3858.6406,2243.163
154956.23,6810.5,345.9683
161461.2,3929.8281,11804.615
55159.105,1201.7656,1784.6974
78048.375,0.0,340.3474
68947.38,1855.2656,85.503784
240486.42,2453.5469,302.92523
41370.707,22.171875,1804.4884
103421.06,3264.8984,411.863
190152.78,2318.125,1293.4624
5515.79,-3543.8008,3917.108
607001.5,22486.188,154.77611
366749.2,2318.0625,704.2111
1877278.8,9634.625,15251.211
336619.88,12520.5625,397.23685
124094.29,2276.0938,4.963642
96193.03,1639.6953,1424.6125
202126.97,3842.2812,11347.008
89668.266,993.6172,118101.04
74031.2,1142.5859,4671.4365
118375.04,834.3281,1045.7253
74814.02,785.08594,523.1294
187326.3,3690.5938,14930.047
87829.57,692.625,605.6077
10746.17,0.0,28635.783
207604.11,3012.5,62145.086
400179.94,7169.8125,290.87186
128107.38,5870.5938,180.96593
-191119.78,1709.0781,5654.3687
80438.61,1507.1562,694.03754
334901.97,-208.85938,462.2901
49455.617,544.6328,4475.4746
38840.355,712.21094,12813.055
152867.77,6205.0156,8655.735
109170.3,4934.2734,70217.42
71896.99,0.0,743.0709
313373.8,7935.0938,12610.138
21306.793,0.0,2310.177
73555.414,1876.7188,91337.336
144319.02,4037.2266,13253.768
64574.914,1307.3516,634.23834
781178.3,37710.375,180.04369
118224.35,3811.0469,369.37756
242693.45,4408.5156,378.35315
13140.05,0.0,2336.7178
135082.94,3952.7656,256.67123
51762.492,-2266.5703,1219.3906
347275.47,2806.25,306.64423
1304488.4,1428.1875,10393.343
345269.9,8552.531,12137.012
2746.59,0.0,12681.193
86843.27,3303.6016,8815.544
22982.459,723.2461,71895.055
269919.84,6538.1094,660.38434
50063.26,1155.0625,1948.0253
97736.82,2476.7422,875.6572
60961.34,0.0,384.48907
240679.38,5692.8438,19481.701
261210.69,6820.0625,462.89865
91355.27,760.3672,3839.703
46807.336,-2384.629,619.4064
69550.234,736.8047,1981.2239
201742.22,6112.0938,1771.601
9828.913,0.0,2768.3389
489227.16,7824.4062,17845.205
171252.03,4030.4688,613.004
147660.83,7084.375,382.3309
190630.95,2336.25,1073.6371
262813.5,8796.469,294.28052
188828.17,10086.734,637.54065
33970.117,505.32812,594.6705
80572.21,1287.3438,5498.613
68947.38,3698.9531,70443.516
90292.39,2321.1875,22.810759
208912.81,2649.7656,11348.403
157209.05,4859.375,690.5344
126027.53,2899.6094,9427.386
22134.46,309.7871,735.995
247370.7,6080.25,1601.5242
85404.805,338.3047,441.34818
25912.71,0.0,11454.361
106985.664,2690.0312,182.1446
187920.53,3787.5625,780.1589
105031.805,1955.1172,952.98755
93574.375,1710.0,984.6668
0.0,-20293.332,373.04187
109536.27,3727.9297,35265.74
17457.129,0.0,429.70184
40219.305,752.7422,1441.1456
82330.75,1984.9531,39.47677
51672.91,0.0,1020.5973
63758.91,1813.8828,5827.0293
406199.34,9232.156,692.1386
57997.63,972.0039,716.4741
59080.152,1198.8906,1084.7916
94373.72,95.85156,2556.3596
107822.28,987.64844,1145.311
181142.77,6012.9375,302.1377
98397.42,1855.7891,5009.794
69669.36,1365.6719,7.9535365
71808.08,2182.914,34.389545
57456.15,1756.4062,82.40387
39415.332,1324.4648,20451.064
121304.375,3921.8906,6668.0527
301460.1,7527.375,296.12436
0.0,0.0,6885.151
155131.6,3635.1484,499.47287
423386.88,19386.062,5068.21
2828.9028,0.0,20840.229
241859.89,5335.3438,42.92588
246809.58,3845.125,1150.9419
0.0,0.0,14001.959
137383.42,5437.2812,6643.7637
250169.92,6942.922,371.28275
91046.15,1201.7344,26521.201
323460.1,7984.0312,1244.2874
121835.305,1965.5156,706.5528
34473.69,751.72656,27311.975
138293.72,2905.5,4342.8945
217981.5,-971.4375,499.98303
153390.08,781.53125,312.1103
90793.945,-4401.1094,1217.0939
27580.154,270.0,1962.0797
2330.4463,0.0,103319.375
11198.011,0.0,30.494356
199965.44,4869.9062,995.29034
129992.64,1737.7734,1386.6859
74270.125,1945.0859,880.7486
64350.887,1677.2109,4258.9604
178045.25,8009.1406,14617.444
93623.41,2417.2812,576.74725
98254.23,2656.5312,594.9592
663875.8,22717.344,1356.2128
2523.5715,0.0,7898.2393
192013.08,3603.8594,13565.16
28709.023,0.0,48187.01
863.1283,0.0,10152.9
178234.38,2515.375,2730.2913
0.0,0.0,1524.3969
17295.047,0.0,1396.0878
13789.476,-1618.4219,13015.34
359508.66,4171.1875,331.14075
60.164482,0.0,5858.8022
123454.64,-2546.4375,1448.9747
67888.016,873.9336,3305.0532
43967.88,1054.7422,1410.2563
342429.53,16501.625,680.4923
6.016448,0.0,132.13998
227886.42,1958.7812,8679.285
98082.64,1876.3594,541.5151
312172.9,14091.672,1179.4222
60909.53,1341.2422,925.2118
14396.98,0.0,831.1431
26890.68,-56.75,2314.6877
167797.6,4214.1094,8771.574
54008.78,184.26172,669.42175
199841.83,4580.2812,736.9189
0.0,0.0,1529.9393
0.0,0.0,931.8895
79678.77,2649.2578,732.7023
255697.56,385.75,330.5118
219520.94,2639.0938,1818.4209
135508.58,1992.0938,34333.0
13127.103,0.0,386.38156
124656.48,0.0,11104.268
0.0,0.0,3580.987
67916.16,2149.2344,52.38505
20779.812,0.0,35.32615
316465.5,8904.422,308.69922
28734.139,0.0,1078.4299
23018.559,1072.3672,4483.685
228783.38,2540.0312,1563.0521
57665.2,2123.5234,589.40466
48909.46,57.703125,8.353914
21270.719,0.0,2556.74
224977.77,5922.25,5.5023828
67888.195,1888.7969,182.33708
15082.088,-6465.3438,17268.838
66717.64,1122.5156,694.3878
30145.01,0.0,409.3063
39785.895,0.0,715.7918
78140.36,1438.2109,2165.9365
123124.65,2296.125,399.26743
64494.445,1780.6406,2809.302
58071.105,800.71094,4956.6157
156932.92,3588.039,96.798294
55637.02,-357.08594,945.91943
178636.08,6703.6875,30.69471
50048.043,-120.58594,10429.355
28466.24,0.0,22491.943
64023.375,1786.2266,17299.248
31992.812,0.0,233.81052
54837.367,0.0,1464.1497
129271.734,3215.4766,19.142113
88028.46,2827.789,123409.12
12.626034,0.0,257.22195
72421.305,3766.125,4373.927
7671.3037,75.0,458058.5
217027.84,-486.0625,20.243935
245537.6,6143.8125,690.4778
45842.29,400.39453,103214.195
161420.1,2489.1328,229.10808
116065.02,1127.9062,2.9847887
14124.181,-591.98047,83.606186
86197.46,2275.2227,0.242656
46778.59,0.0,250.10335
314483.12,8555.359,617.2212
216933.56,7278.0156,58464.03
201562.52,6047.5938,61.981094
107266.76,2543.6172,297370.72
131024.336,-187.48438,611.05786
262133.9,6269.2812,9883.887
275446.44,3354.25,252.65819
156695.89,8181.0234,137.17326
217700.2,7136.625,832.8121
101612.29,3906.0625,639.06464
34497.758,376.4414,115450.43
77068.6,2853.2734,29.378841
212000.72,4966.5,448.7475
529041.56,28070.344,743.632
40183.527,367.5664,24.265923
24230.307,0.0,0.09761639
243253.31,2654.6719,461.80542
80450.64,-402.5703,5201.26
255079.39,5972.3438,249.83386
54008.777,842.21875,3195.471
115181.836,1011.90625,238.14702
78420.02,1129.3047,5534.5225
26064.191,135.90625,313618.88
227975.61,5408.578,15528.894
-11487.187,0.0,12.808363
60449.63,-532.89453,568.12787
59699.234,3353.1719,603.9045
29175.697,1125.8867,856.065
155283.12,2608.3594,48.8024
167984.92,4708.7188,1866.0468
82736.85,1649.2031,235306.69
-2651.3135,0.0,70981.32
1280217.8,-8355.0625,51.53472
47393.06,0.0,227.64526
31132.965,931.3496,12779.678
85534.19,3357.5,5903.7344
37933.09,675.0,1422.2173
51762.492,-204.46875,712.5206
459882.53,31282.719,501.3441
163069.4,6404.6562,116.40906
169476.98,1837.6719,0.7557903
92094.41,3050.6562,1519.0745
122523.62,4148.2266,405474.6
262802.34,7267.9688,1.1725137
45456.82,450.8672,1036.3373
0.0,0.0,34181.766
143869.03,3522.9219,1709.6957
97953.41,2894.875,741.0848
118945.35,3938.539,762.06323
233209.77,7139.578,727.0785
42517.55,2263.9375,3984.8423
175988.69,3477.5,74.49917
26429.828,1400.0,743.41046
86695.625,151.8125,1.48849
272607.9,10209.5,16.061338
36658.227,237.125,2449.8179
251401.78,3491.5781,8.756142
371743.22,4734.4062,14062.393
67320.67,0.0,6.3462415
120795.1,2919.4922,222.8064
29406.875,1365.6875,1715.7875
58997.605,1129.2266,227.94254
276559.62,5853.328,107.395805
261119.48,6531.8438,25.351946
15082.088,0.0,130.87694
121663.13,-482.96875,684.3313
28382.566,0.0,552.4644
183860.89,5565.3438,2.016846
87341.305,3123.9453,910.5051
40817.934,1660.2695,818.969
87352.59,2378.2734,717.26135
90752.58,698.4531,23812.773
79934.086,1477.4141,796.3215
49141.477,852.8203,2088.594
25683.686,1400.0,1399.4945
77565.8,2633.0625,6904.199
86185.43,2435.8125,763.0887
23042.623,270.0,149.09315
137544.84,1028.3906,11.980293
42498.07,491.28906,5719.9185
40405.195,0.0,209.22102
100117.85,806.28125,949.7218
48647.82,624.2031,2154.2036
21833.336,270.0,2763.6277
91554.15,2017.9688,648.6238
16370.551,0.0,104615.06
17942.445,0.0,85.66312
60903.516,877.1094,700.9317
62548.594,0.0,1157.929
25280.705,375.25586,1.3008318
110911.35,2020.625,524.2761
148061.03,3861.8125,21300.57
7523.366,0.0,2146.7244
161451.78,-5335.3125,79611.62
6894.738,0.0,499.79135
23005.553,371.60547,1195.6846
111166.66,2289.6016,54242.17
45964.918,925.9492,241.41391
54008.777,1995.5938,325.20963
66952.586,2360.6797,11498.864
62052.64,958.02344,708.12756
412.4033,0.0,241.91254
68983.484,1163.1562,709.3828
143808.27,2082.3438,1661.1404
51722.562,-4454.4375,975.14514
29155.395,0.0,127736.164
39587.594,710.90234,695.4995
22982.459,-705.1387,31758.406
247525.36,4471.047,330.79306
1608.7721,0.0,222.9182
131162.9,2125.2812,215321.48
0.0,0.0,4.302314
655160.0,21721.344,372.95865
364536.75,2985.9375,1620.747
68386.93,2273.5703,296323.28
159093.61,2875.0938,469.73337
181995.97,2435.5625,240.32971
56701.848,0.0,57.441463
1208939.4,60244.25,711.9073
129185.086,-828.09375,833.18866
35359.348,540.0,350.02042
63184.33,1667.7656,802.3226
90473.64,3304.4922,50.086082
224891.47,4125.9688,2.4513698
147393.67,3069.2188,64.46344
16794.432,75.0,119.32995
18966.166,0.0,2.4807835
66417.28,-1557.2656,8903.081
64144.645,1555.3438,506.22052
103486.555,1930.2266,10256.673
121807.03,796.2031,726.37604
68947.38,1802.9219,10879.464
582852.94,24410.156,74873.76
15082.088,0.0,1.9110668
371931.97,9173.3125,596.6704
292859.78,6986.6562,547.49713
51335.883,0.0,95147.24
23151.676,373.97266,271.21313
56637.02,0.0,83.84282
191656.5,4419.9062,471.7204
41507.2,0.921875,78764.82
91929.84,241.28125,806.4282
47132.516,1139.3047,1842.8077
1001242.94,8498.6875,31402.451
89315.18,1573.5938,700.52203
58646.89,1312.0898,747.4127
247436.14,4049.1094,693.9942
